{
  "id": "2cb74291-1095-4eb8-b2fc-4522735fe95c",
  "name": "body-part",
  "isOverridable": true,
  "entries": [
    {
      "value": "mouth",
      "synonyms": [
        "mouth"
      ]
    },
    {
      "value": "ears",
      "synonyms": [
        "ears"
      ]
    },
    {
      "value": "skin",
      "synonyms": [
        "skin"
      ]
    },
    {
      "value": "nose",
      "synonyms": [
        "nose"
      ]
    },
    {
      "value": "eyes",
      "synonyms": [
        "eyes"
      ]
    }
  ],
  "isEnum": false,
  "automatedExpansion": false
}