{
  "id": "1a3a8ffb-34f1-4b4b-8bc3-8020f02a6ff4",
  "name": "gift",
  "isOverridable": true,
  "entries": [
    {
      "value": "chocolate",
      "synonyms": [
        "chocolate",
        "chocolate bar",
        "candy",
        "sweet",
        "food"
      ]
    },
    {
      "value": "heart",
      "synonyms": [
        "heart",
        "love"
      ]
    },
    {
      "value": "joke",
      "synonyms": [
        "joke",
        "fun",
        "funny"
      ]
    },
    {
      "value": "advice",
      "synonyms": [
        "advice",
        "android advice",
        "bad advice",
        "android bad advice",
        "wisdom"
      ]
    },
    {
      "value": "help",
      "synonyms": [
        "help",
        "money"
      ]
    }
  ],
  "isEnum": false,
  "automatedExpansion": false
}